INSERT INTO `person` (`id`, `name`, `surname`, `email`, `address`,`phone`) 
VALUES 
('1', 'Елена', 'Федюк', 'elena@mail.ru', 'Витебск, Московский пр-т 51','124-1234-123'),
('2', 'Андрей', 'Кузнецов', 'ak@mail.ru', 'Московский пр-т 113-1','123-345-123'),
('3', 'Дмитрий', 'Образов', 'dmir@mail.ru', 'Правды 60','678-3567-1'),
('4', 'Дмитрий', 'Коновалов', 'dmir@mail.ru', 'Победы 48','3123-3-123'),
('5', 'Руслан', 'Титов', 'tyt@mail.ru', 'Суворова 1','+23-1234-123'),
('6', 'Кирилл', '', 'kyr@mail.ru', 'Герцена 12а','12311-12334-123'),
('7', 'Татьяна', 'Круглова', 'tatyana@rambler.ru', 'Воинов-Интернационалистов 5','333-22-1'),
('8', 'Алексей', 'Конов', 'alekons@mail.ru', 'П.Бровки 1-1-96','333-1-3333'),
('9', 'Константин', '', 'xaxa', 'нет',''),
('10', 'Роман', 'Свиридов', 'фываы', '1йцуйцу','');

INSERT INTO `user_role` (`id`, `role`) 
VALUES 
('1', 'Администратор'),
('2', 'Менеджер'),
('3', 'Покупатель'),
('4', 'Гость');

INSERT INTO `user` (`id`, `login`, `password`, `role_id`, `person_id`) 
VALUES 
('1', 'xsasx', 'xsasx', '1', '2'),
('2', 'alenka', 'alenka', '2', '1'),
('3', 'dimdim', 'dimdim', '3', '3'),
('4', 'dimid', 'dimid', '3', '4'),
('5', 'ryl', 'ryl', '3', '5'),
('6', 'kyra', 'kyra', '3', '6'),
('7', 'ttt', 'ttt', '3', '7'),
('8', 'alekons', 'alekons', '2', '8'),
('9', 'ksks', 'ksks', '3', '9'),
('10', 'roman', 'roman', '3', '10');

INSERT INTO `manufacturer` (`id`, `country`) 
VALUES 
('1', 'Россия'),
('2', 'Китай'),
('3', 'Тайвань'),
('4', 'Италия'),
('5', 'Беларусь'),
('6', 'Германия'),
('7', 'Румыния'),
('8', 'Финляндия');

INSERT INTO `distributor` (`id`, `company`) 
VALUES 
('1', 'ООО "Мобилкон"'),
('2', 'ООО "Приват"'),
('3', 'ООО "Сервис+"'),
('4', 'ООО "Мастер"'),
('5', 'ООО "РДК"'),
('6', 'ООО "SGH"'),
('7', 'ООО "WERT"'),
('8', 'ООО "XXX"');

INSERT INTO `location` (`id`, `place`) 
VALUES 
('1', 'западный склад'),
('2', 'южный склад'),
('3', 'северный склад'),
('4', 'в заказе');

INSERT INTO `type` (`id`, `product_type`) 
VALUES 
('1', 'Телефон'),
('2', 'Холодильник'),
('3', 'Телевизор');

INSERT INTO `brand` (`id`, `product_brand`) 
VALUES 
('1', 'LG'),
('2', 'Nokia'),
('3', 'Sony Ericsson'),
('4', 'Electrolux'),
('5', 'Bosch'),
('6', 'Samsung'),
('7', 'Panasonic');

INSERT INTO `product` (`id`, `type_id`, `brand_id`, `name`, `cost`, `description`) 
VALUES
('1', '1', '1', 'Optimus L7', 270.00, 'GSM, 3G, смартфон, Android 4.0, вес 122 г, ШхВхТ: 67x125.5x8.8 мм, экран 4.3", 480x800, FM-радио, Bluetooth, Wi-Fi, GPS, фотокамера 5 МП, память 4 Гб, слот microSD (TransFlash), аккумулятор 1700 мАч'),
('2', '1', '1', 'Optimus L5', 250.00, 'GSM, 3G, смартфон, Android 4.0, вес 123 г, ШхВхТ: 66.5x118.3x9.5 мм, экран 4", 320x480, FM-радио, Bluetooth, NFC, Wi-Fi, GPS, фотокамера 5 МП, память 2 Гб, слот microSD (TransFlash), аккумулятор 1540 мАч'),
('3', '1', '1', 'Optimus L3', 210.00, 'GSM, 3G, смартфон, Android 2.3, вес 110 г, ШхВхТ: 61.6x102.6x11.85 мм, экран 3.2", 240x320, FM-радио, Bluetooth, Wi-Fi, GPS, фотокамера 3 МП, память 1 Гб, слот microSD (TransFlash), аккумулятор 1500 мАч'),
('4', '1', '2', 'Lumia 800', 310.00, 'GSM, 3G, смартфон, MS Windows Phone 7.5, вес 142 г, ШхВхТ: 61.2x116.5x12.1 мм, экран 3.7", 480x800, FM-радио, Bluetooth, Wi-Fi, GPS, фотокамера 8 МП, память 16 Гб, аккумулятор 1450 мАч'),
('5', '1', '2', 'Lumia 710', 210.00, 'GSM, 3G, смартфон, MS Windows Phone 7.5, вес 126 г, ШхВхТ: 62.4x119x12.5 мм, экран 3.7", 480x800, FM-радио, Bluetooth, Wi-Fi, GPS, фотокамера 5 МП, память 8 Гб, аккумулятор 1300 мАч'),
('6', '1', '2', 'Asha 200', 95.00, 'GSM, Series 40, вес 105 г, ШхВхТ: 61.1x115.4x14 мм, экран 2.4", 320x240, MP3, FM-радио, Bluetooth, фотокамера 2 МП, память 10 Мб, слот microSD (TransFlash), аккумулятор 1430 мАч'),
('7', '1', '3', 'Xperia arc S', 295.00, 'GSM, 3G, смартфон, Android 2.3, вес 117 г, ШхВхТ: 63x125x8.7 мм, экран 4.2", 480x854, FM-радио, Bluetooth, Wi-Fi, GPS, фотокамера 8.10 МП, память 1 Гб, слот microSD (TransFlash), аккумулятор 1500 мАч'),
('8', '1', '3', 'Xperia active', 205.00, 'GSM, 3G, смартфон, Android 2.3, вес 110 г, ШхВхТ: 55x92x17 мм, экран 3", 320x480, FM-радио, Bluetooth, Wi-Fi, GPS, фотокамера 5 МП, память 1 Гб, слот microSD (TransFlash), аккумулятор 1200 мАч'),
('9', '1', '3', 'Xperia play', 225.00, 'GSM, 3G, смартфон, Android 2.3, вес 175 г, ШхВхТ: 62x119x16 мм, экран 4", 480x854, Bluetooth, Wi-Fi, GPS, фотокамера 5.10 МП, память 400 Мб, слот microSD (TransFlash), аккумулятор 1500 мАч'),
('10', '2', '4', 'ENN 2903 COW', 725.00, 'холодильник с морозильником, встраиваемый, морозильник снизу, общий объем 280 л, 2-камерный, электронное управление, габариты (ШxГxВ): 54x54.7x177.2 см, цвет: белый'),
('11', '2', '4', 'ERN 1300 AOW', 375.00, 'холодильник без морозильника, встраиваемый, общий объем 130 л, 1-камерный, электромеханическое управление, габариты (ШxГxВ): 56x55x81.5 см, цвет: белый'),
('12', '2', '4', 'ENG 2793 AOW', 775.00, 'холодильник с морозильником, встраиваемый, морозильник снизу, общий объем 240 л, 2-камерный, электронное управление, зона свежести, габариты (ШxГxВ): 55.6x54.2x176.4 см, цвет: белый'),
('13', '2', '5', 'KGS36XW20', 475.00, 'холодильник с морозильником, отдельно стоящий, морозильник снизу, общий объем 318 л, 2-камерный, электронное управление, габариты (ШxГxВ): 60x65x185 см, цвет: белый'),
('14', '2', '5', 'KGN36X25', 575.00, 'холодильник с морозильником, отдельно стоящий, морозильник снизу, общий объем 287 л, 2-камерный, электронное управление, габариты (ШxГxВ): 60x65x185 см, цвет: белый'),
('15', '2', '5', 'KGS39XW20', 525.00, 'холодильник с морозильником, отдельно стоящий, морозильник снизу, общий объем 352 л, 2-камерный, электронное управление, габариты (ШxГxВ): 60x65x200 см, цвет: белый'),
('16', '3', '6', 'UE40EH5007', 525.00, 'ЖК-телевизор, 40", 16:9, 1920x1080, HDTV, 1080p (Full HD), LED-подсветка, 50 Гц, картинка в картинке, мощность звука 20 Вт, HDMI x2, Ethernet'),
('17', '3', '6', 'UE32EH4000', 305.00, 'ЖК-телевизор, 32", 16:9, 1366x768, HDTV, 720p, LED-подсветка, 50 Гц, картинка в картинке, мощность звука 20 Вт, HDMI x2'),
('18', '3', '6', 'UE19ES4000', 220.00, 'ЖК-телевизор, 19", 16:9, 1366x768, HDTV, 720p, LED-подсветка, 50 Гц, картинка в картинке, мощность звука 6 Вт, HDMI, VGA'),
('19', '3', '7', 'TX-L32E5', 520.00, 'ЖК-телевизор, 32", 16:9, 1920x1080, HDTV, 1080p (Full HD), LED-подсветка, 100 Гц, DVR, мощность звука 20 Вт, HDMI x4, VGA, Ethernet, доступ в интернет'),
('20', '3', '7', 'TX-P42UT50', 730.00, 'плазменная панель, 42", 16:9, 1920x1080, HDTV, 1080p (Full HD), 3D, DVR, мощность звука 20 Вт, HDMI x2, Ethernet, доступ в интернет'),
('21', '3', '7', 'TX-L24X5', 322.00, 'ЖК-телевизор, 24", 16:9, 1920x1080, HDTV, 1080p (Full HD), LED-подсветка, 50 Гц, картинка в картинке, DVR, мощность звука 6 Вт, HDMI, VGA');

INSERT INTO `store` (`id`, `product_id`, `best_before`, `quantity`, `manufacturer_id`, `distributor_id`, `location_id`, `lot_number`) 
VALUES 
('1', '1', '2012-12-31', '5', '1', '1', '1', 'PH-001'),
('2', '2', '2012-12-31', '5', '2', '2', '1', 'PH-002'),
('3', '3', '2012-12-31', '5', '3', '2', '1', 'PH-003'),
('4', '4', '2012-12-31', '5', '1', '3', '1', 'PH-004'),
('5', '5', '2012-12-31', '6', '2', '4', '1', 'PH-005'),
('6', '6', '2012-12-31', '6', '4', '5', '1', 'PH-006'),
('7', '7', '2012-12-31', '6', '5', '6', '1', 'PH-007'),
('8', '8', '2012-12-31', '7', '6', '7', '1', 'PH-008'),
('9', '9', '2012-12-31', '7', '7', '8', '1', 'PH-009'),
('10', '10', '2012-12-31', '2', '8', '8', '2', 'RF-001'),
('11', '11', '2012-12-31', '2', '8', '7', '2', 'RF-002'),
('12', '12', '2012-12-31', '2', '7', '6', '2', 'RF-003'),
('13', '13', '2012-12-31', '2', '6', '5', '2', 'RF-004'),
('14', '14', '2012-12-31', '2', '5', '4', '2', 'RF-005'),
('15', '15', '2012-12-31', '2', '4', '3', '2', 'RF-006'),
('16', '16', '2012-12-31', '2', '3', '2', '3', 'TV-001'),
('17', '17', '2012-12-31', '2', '2', '1', '3', 'TV-002'),
('18', '18', '2012-12-31', '2', '1', '3', '3', 'TV-003'),
('19', '19', '2012-12-31', '2', '3', '3', '3', 'TV-004'),
('20', '20', '2012-12-31', '2', '4', '4', '3', 'TV-005'),
('21', '1', '2013-12-31', '5', '1', '5', '4', 'PH-010'),
('22', '2', '2013-12-31', '5', '3', '6', '4', 'PH-011'),
('23', '3', '2013-12-31', '5', '4', '1', '4', 'PH-012'),
('24', '4', '2013-12-31', '5', '8', '4', '4', 'PH-013');

INSERT INTO `order_state` (`id`, `state`) 
VALUES 
('1', 'Заказ обрабатывается'),
('2', 'Заказ отправлен'),
('3', 'Заказ доставлен'),
('4', 'Заказ отменен'),
('5', 'Возврат денег'),
('6', 'Проблемы с заказом');


INSERT INTO `orders` (`id`, `store_id`, `user_id`, `date_order`, `order_state_id`, `order_quantity`) 
VALUES 
('1', '1', '6', '2012-12-11', '1', '1'),
('2', '2', '3', '2012-12-12', '2', '1'),
('3', '1', '4', '2012-12-13', '1', '1'),
('4', '3', '4', '2012-12-14', '3', '1'),
('5', '4', '5', '2012-12-14', '1', '1'),
('6', '7', '7', '2012-12-15', '4', '1'),
('7', '9', '9', '2012-12-16', '1', '1'),
('8', '11', '10', '2012-12-16', '4', '1'),
('9', '12', '3', '2012-12-17', '1', '1'),
('10', '12', '4', '2012-12-18', '1', '1'),
('11', '12', '4', '2012-12-18', '3', '1'),
('12', '1', '9', '2012-12-18', '1', '1'),
('13', '9', '10', '2012-12-19', '5', '1'),
('14', '11', '6', '2012-12-21', '5', '1'),
('15', '14', '7', '2012-12-21', '6', '1'),
('16', '14', '7', '2012-12-21', '1', '1');